{
    "rmse": 0.5818554823142087,
    "mae": 0.6188630472018415,
    "r2": 0.10963999179642603
}